<application>
  <component name="MaterialThemeConfig">
    <option name="arrowsStyle" value="Plus-Minus" />
    <option name="accentScrollbars" value="false" />
    <option name="compactDropdowns" value="true" />
    <option name="compactSidebar" value="true" />
    <option name="highlightColorEnabled" value="true" />
    <option name="isCompactMenus" value="true" />
    <option name="isCompactStatusBar" value="true" />
    <option name="isCompactTables" value="true" />
    <option name="isTabsShadow" value="false" />
    <option name="isWizardShown" value="true" />
    <option name="monochromeIcons" value="true" />
    <option name="pristineConfig" value="false" />
    <option name="statusBarTheme" value="false" />
    <option name="themedScrollbars" value="false" />
    <option name="tabFontSizeEnabled" value="true" />
    <option name="upperCaseButtons" value="false" />
    <option name="settingsSelectedTab" value="2" />
    <option name="tabsHeight" value="28" />
    <option name="accentColor" value="ffffff" />
    <option name="highlightColor" value="ffffff" />
    <option name="selectedTheme" value="CUSTOM" />
    <option name="userId" value="-69c12e54:1689e0e8452:-8000" />
    <option name="version" value="3.8.0.2" />
  </component>
</application>