<application>
  <component name="MaterialCustomThemeConfig">
    <option name="notificationsColor" value="000000" />
    <option name="treeSelectionColor" value="646464" />
    <option name="highlightColor" value="2a2a2a" />
    <option name="secondBorderColor" value="000000" />
    <option name="tableSelectedColor" value="000000" />
    <option name="contrastColor" value="1e272c" />
    <option name="disabledColor" value="c9c9c9" />
    <option name="secondaryBackgroundColor" value="000000" />
    <option name="buttonColor" value="1d1d1d" />
    <option name="selectionForegroundColor" value="ffffff" />
    <option name="selectionBackgroundColor" value="787878" />
    <option name="textColor" value="c9c9c9" />
    <option name="foregroundColor" value="ffffff" />
    <option name="backgroundColor" value="000000" />
  </component>
</application>