<application>
  <component name="VimSettings">
    <state version="4" enabled="true" />
    <globalmarks />
    <filemarks>
      <file name="$USER_HOME$/gits/software/src/main/java/graphModel/EdgeType.java" timestamp="1552077443217">
        <mark key="'" line="50" column="33" />
        <mark key="[" line="64" column="0" />
        <mark key="]" line="80" column="5" />
        <mark key="." line="79" column="24" />
        <mark key="^" line="79" column="24" />
      </file>
      <file name="$USER_HOME$/gits/software/src/main/java/graphModel/GraphObject.java" timestamp="1552244958017">
        <mark key="[" line="26" column="0" />
        <mark key="]" line="27" column="24" />
        <mark key="." line="26" column="0" />
      </file>
      <file name="$USER_HOME$/gits/software/src/main/java/persistence/DBControl.java" timestamp="1552243657016">
        <mark key="[" line="27" column="0" />
        <mark key="]" line="32" column="7" />
        <mark key="." line="27" column="0" />
        <mark key="^" line="21" column="6" />
      </file>
      <file name="$USER_HOME$/gits/software/src/main/java/controller/SphereLogic.java" timestamp="1552236303830">
        <mark key="'" line="241" column="20" />
        <mark key="[" line="35" column="0" />
        <mark key="]" line="36" column="94" />
        <mark key="^" line="51" column="75" />
        <mark key="." line="123" column="0" />
      </file>
      <file name="$USER_HOME$/gits/software/src/main/java/command/ExportToPDFCommand.java" timestamp="1552239970841">
        <mark key="[" line="25" column="0" />
        <mark key="]" line="25" column="88" />
      </file>
      <file name="$USER_HOME$/gits/software/src/main/java/controller/NodeLogic.java" timestamp="1552238272379">
        <mark key="'" line="41" column="12" />
        <mark key="[" line="246" column="0" />
        <mark key="]" line="247" column="80" />
        <mark key="^" line="245" column="75" />
        <mark key="." line="245" column="75" />
      </file>
      <file name="$USER_HOME$/gits/software/src/main/java/graphModel/Anchorpoint.java" timestamp="1552245004823">
        <mark key="'" line="233" column="16" />
        <mark key="[" line="24" column="0" />
        <mark key="]" line="25" column="24" />
        <mark key="." line="233" column="16" />
        <mark key="^" line="233" column="16" />
      </file>
      <file name="$USER_HOME$/gits/software/src/main/java/view/sidebar/NodeSideBar.java" timestamp="1552227550746">
        <mark key="'" line="119" column="0" />
        <mark key="[" line="127" column="0" />
        <mark key="]" line="127" column="31" />
        <mark key="." line="127" column="0" />
        <mark key="^" line="163" column="42" />
      </file>
      <file name="$USER_HOME$/gits/software/src/main/java/graphModel/Waypoint.java" timestamp="1552245150387">
        <mark key="[" line="19" column="21" />
        <mark key="]" line="20" column="10" />
        <mark key="^" line="20" column="10" />
        <mark key="." line="20" column="10" />
      </file>
      <file name="$USER_HOME$/gits/software/src/main/resources/Languages/Controls_de.properties" timestamp="1551979123584">
        <mark key="'" line="77" column="0" />
        <mark key="[" line="77" column="0" />
        <mark key="]" line="77" column="22" />
        <mark key="." line="77" column="21" />
        <mark key="^" line="77" column="21" />
      </file>
      <file name="$USER_HOME$/gits/software/src/main/java/controller/analysis/johnsonCycles/license.txt" timestamp="1552251857552">
        <mark key="[" line="0" column="0" />
        <mark key="]" line="10" column="755" />
      </file>
      <file name="$USER_HOME$/gits/software/src/main/java/view/sidebar/NamedGraphObjectSideBar.java" timestamp="1552079430148">
        <mark key="'" line="268" column="49" />
        <mark key="[" line="227" column="150" />
        <mark key="]" line="227" column="160" />
        <mark key="." line="227" column="160" />
        <mark key="^" line="227" column="160" />
      </file>
      <file name="$USER_HOME$/gits/software/src/main/resources/Languages/Controls_en.properties" timestamp="1551979134606">
        <mark key="'" line="39" column="17" />
        <mark key="[" line="79" column="14" />
        <mark key="]" line="79" column="25" />
        <mark key="." line="79" column="25" />
        <mark key="^" line="79" column="25" />
      </file>
      <file name="$USER_HOME$/gits/software/src/main/java/persistence/Persistence.java" timestamp="1552253058295">
        <mark key="'" line="28" column="0" />
        <mark key="[" line="264" column="0" />
        <mark key="]" line="264" column="0" />
        <mark key="^" line="131" column="15" />
        <mark key="." line="264" column="0" />
      </file>
      <file name="$USER_HOME$/gits/software/src/main/java/controller/FileLogic.java" timestamp="1552237825719">
        <mark key="'" line="35" column="31" />
        <mark key="[" line="20" column="18" />
        <mark key="]" line="20" column="21" />
        <mark key="." line="20" column="21" />
        <mark key="^" line="20" column="21" />
      </file>
      <file name="$USER_HOME$/gits/software/src/main/java/view/sidebar/SyndromeSideBar.java" timestamp="1552062193079">
        <mark key="'" line="50" column="0" />
        <mark key="[" line="96" column="0" />
        <mark key="]" line="97" column="66" />
        <mark key="^" line="87" column="54" />
        <mark key="." line="87" column="54" />
      </file>
      <file name="$USER_HOME$/gits/software/src/main/java/graphModel/ColoredGraphObject.java" timestamp="1552245017867">
        <mark key="[" line="20" column="0" />
        <mark key="]" line="21" column="24" />
        <mark key="." line="20" column="0" />
      </file>
      <file name="$USER_HOME$/gits/software/src/test/java/persistence/PersistenceTest.java" timestamp="1552245914823">
        <mark key="'" line="275" column="8" />
        <mark key="[" line="238" column="41" />
        <mark key="]" line="238" column="36" />
        <mark key="^" line="238" column="36" />
        <mark key="." line="238" column="36" />
      </file>
      <file name="$USER_HOME$/gits/software/src/main/java/persistence/GxlCreator.java" timestamp="1552224396449">
        <mark key="[" line="18" column="0" />
        <mark key="]" line="20" column="9" />
      </file>
      <file name="$USER_HOME$/gits/software/src/main/java/graphModel/Node.java" timestamp="1552244873713">
        <mark key="'" line="291" column="39" />
        <mark key="[" line="30" column="0" />
        <mark key="]" line="31" column="24" />
        <mark key="." line="31" column="10" />
        <mark key="^" line="31" column="10" />
      </file>
      <file name="$USER_HOME$/gits/software/src/main/java/graphModel/Sphere.java" timestamp="1552253106035">
        <mark key="'" line="96" column="7" />
        <mark key="[" line="42" column="0" />
        <mark key="]" line="43" column="24" />
        <mark key="." line="42" column="0" />
      </file>
      <file name="$USER_HOME$/gits/software/src/main/java/graphModel/EdgeStyle.java" timestamp="1552075935677">
        <mark key="'" line="71" column="18" />
        <mark key="[" line="52" column="0" />
        <mark key="]" line="53" column="56" />
        <mark key="." line="52" column="0" />
        <mark key="^" line="51" column="75" />
      </file>
      <file name="$USER_HOME$/gits/software/src/main/java/view/sidebar/EdgeSideBar.java" timestamp="1552072659692">
        <mark key="'" line="161" column="50" />
        <mark key="[" line="193" column="44" />
        <mark key="]" line="193" column="47" />
        <mark key="." line="193" column="47" />
        <mark key="^" line="193" column="47" />
      </file>
      <file name="$USER_HOME$/gits/software/src/main/java/graphModel/NamedGraphObject.java" timestamp="1552245114697">
        <mark key="[" line="26" column="0" />
        <mark key="]" line="27" column="24" />
        <mark key="." line="27" column="10" />
        <mark key="^" line="27" column="10" />
      </file>
      <file name="$USER_HOME$/gits/software/src/main/java/graphModel/Edge.java" timestamp="1552244896310">
        <mark key="[" line="31" column="0" />
        <mark key="]" line="32" column="24" />
        <mark key="." line="31" column="0" />
      </file>
      <file name="$USER_HOME$/gits/software/src/main/java/graphModel/Model.java" timestamp="1552325922058">
        <mark key="'" line="243" column="0" />
        <mark key="[" line="366" column="28" />
        <mark key="]" line="366" column="27" />
        <mark key="." line="366" column="27" />
        <mark key="^" line="366" column="27" />
      </file>
      <file name="$USER_HOME$/gits/software/pom.xml" timestamp="1552249932910">
        <mark key="[" line="38" column="0" />
        <mark key="]" line="38" column="0" />
        <mark key="." line="38" column="0" />
      </file>
      <file name="$USER_HOME$/gits/software/src/main/java/graphModel/Syndrome.java" timestamp="1552245137165">
        <mark key="[" line="26" column="0" />
        <mark key="]" line="27" column="24" />
        <mark key="." line="26" column="0" />
      </file>
      <file name="$USER_HOME$/gits/software/src/main/java/graphModel/Side.java" timestamp="1552076587061">
        <mark key="'" line="59" column="22" />
        <mark key="[" line="71" column="0" />
        <mark key="]" line="90" column="5" />
        <mark key="." line="73" column="31" />
        <mark key="^" line="73" column="31" />
      </file>
      <file name="$USER_HOME$/gits/software/src/main/java/view/sidebar/AnchorpointSideBar.java" timestamp="1552055242679">
        <mark key="'" line="16" column="51" />
        <mark key="[" line="44" column="0" />
        <mark key="]" line="45" column="63" />
        <mark key="^" line="45" column="23" />
        <mark key="." line="61" column="63" />
      </file>
      <file name="$USER_HOME$/gits/software/src/main/java/controller/Logic.java" timestamp="1552232555366">
        <mark key="'" line="478" column="18" />
        <mark key="[" line="100" column="39" />
        <mark key="]" line="101" column="19" />
        <mark key="^" line="101" column="19" />
        <mark key="." line="101" column="19" />
      </file>
    </filemarks>
    <jumps>
      <jump line="124" column="0" filename="$USER_HOME$/gits/software/src/main/java/persistence/Persistence.java" />
      <jump line="235" column="49" filename="$USER_HOME$/gits/software/src/main/java/persistence/Persistence.java" />
      <jump line="77" column="0" filename="$USER_HOME$/gits/software/src/main/java/persistence/Persistence.java" />
      <jump line="245" column="25" filename="$USER_HOME$/gits/software/src/main/java/persistence/Persistence.java" />
      <jump line="246" column="25" filename="$USER_HOME$/gits/software/src/main/java/persistence/Persistence.java" />
      <jump line="315" column="63" filename="$USER_HOME$/gits/software/src/main/java/persistence/Persistence.java" />
      <jump line="39" column="49" filename="$USER_HOME$/gits/software/src/main/java/persistence/Persistence.java" />
      <jump line="40" column="36" filename="$USER_HOME$/gits/software/src/main/java/persistence/Persistence.java" />
      <jump line="35" column="0" filename="$USER_HOME$/gits/software/src/main/java/persistence/Persistence.java" />
      <jump line="54" column="21" filename="$USER_HOME$/gits/software/src/main/java/graphModel/Model.java" />
      <jump line="59" column="0" filename="$USER_HOME$/gits/software/src/main/java/graphModel/Model.java" />
      <jump line="67" column="0" filename="$USER_HOME$/gits/software/src/main/java/graphModel/Model.java" />
      <jump line="74" column="0" filename="$USER_HOME$/gits/software/src/main/java/graphModel/Model.java" />
      <jump line="83" column="0" filename="$USER_HOME$/gits/software/src/main/java/graphModel/Model.java" />
      <jump line="90" column="0" filename="$USER_HOME$/gits/software/src/main/java/graphModel/Model.java" />
      <jump line="94" column="0" filename="$USER_HOME$/gits/software/src/main/java/graphModel/Model.java" />
      <jump line="105" column="0" filename="$USER_HOME$/gits/software/src/main/java/graphModel/Model.java" />
      <jump line="116" column="0" filename="$USER_HOME$/gits/software/src/main/java/graphModel/Model.java" />
      <jump line="126" column="0" filename="$USER_HOME$/gits/software/src/main/java/graphModel/Model.java" />
      <jump line="135" column="0" filename="$USER_HOME$/gits/software/src/main/java/graphModel/Model.java" />
      <jump line="145" column="0" filename="$USER_HOME$/gits/software/src/main/java/graphModel/Model.java" />
      <jump line="156" column="0" filename="$USER_HOME$/gits/software/src/main/java/graphModel/Model.java" />
      <jump line="159" column="0" filename="$USER_HOME$/gits/software/src/main/java/graphModel/Model.java" />
      <jump line="162" column="0" filename="$USER_HOME$/gits/software/src/main/java/graphModel/Model.java" />
      <jump line="170" column="0" filename="$USER_HOME$/gits/software/src/main/java/graphModel/Model.java" />
      <jump line="173" column="0" filename="$USER_HOME$/gits/software/src/main/java/graphModel/Model.java" />
      <jump line="190" column="0" filename="$USER_HOME$/gits/software/src/main/java/graphModel/Model.java" />
      <jump line="193" column="0" filename="$USER_HOME$/gits/software/src/main/java/graphModel/Model.java" />
      <jump line="199" column="0" filename="$USER_HOME$/gits/software/src/main/java/graphModel/Model.java" />
      <jump line="290" column="39" filename="$USER_HOME$/gits/software/src/main/java/graphModel/Node.java" />
      <jump line="32" column="1" filename="$USER_HOME$/gits/software/src/main/java/graphModel/Anchorpoint.java" />
      <jump line="35" column="0" filename="$USER_HOME$/gits/software/src/main/java/graphModel/Anchorpoint.java" />
      <jump line="233" column="16" filename="$USER_HOME$/gits/software/src/main/java/graphModel/Anchorpoint.java" />
      <jump line="33" column="8" filename="$USER_HOME$/gits/software/src/test/java/persistence/PersistenceTest.java" />
      <jump line="309" column="0" filename="$USER_HOME$/gits/software/src/test/java/persistence/PersistenceTest.java" />
      <jump line="5" column="33" filename="$USER_HOME$/gits/software/src/test/java/persistence/PersistenceTest.java" />
      <jump line="331" column="0" filename="$USER_HOME$/gits/software/src/test/java/persistence/PersistenceTest.java" />
      <jump line="0" column="0" filename="$USER_HOME$/gits/software/src/test/java/persistence/PersistenceTest.java" />
      <jump line="6" column="0" filename="$USER_HOME$/gits/software/src/test/java/persistence/PersistenceTest.java" />
      <jump line="8" column="0" filename="$USER_HOME$/gits/software/src/test/java/persistence/PersistenceTest.java" />
      <jump line="12" column="0" filename="$USER_HOME$/gits/software/src/test/java/persistence/PersistenceTest.java" />
      <jump line="16" column="0" filename="$USER_HOME$/gits/software/src/test/java/persistence/PersistenceTest.java" />
      <jump line="20" column="0" filename="$USER_HOME$/gits/software/src/test/java/persistence/PersistenceTest.java" />
      <jump line="24" column="0" filename="$USER_HOME$/gits/software/src/test/java/persistence/PersistenceTest.java" />
      <jump line="28" column="0" filename="$USER_HOME$/gits/software/src/test/java/persistence/PersistenceTest.java" />
      <jump line="32" column="0" filename="$USER_HOME$/gits/software/src/test/java/persistence/PersistenceTest.java" />
      <jump line="58" column="13" filename="$USER_HOME$/gits/software/src/test/java/persistence/PersistenceTest.java" />
      <jump line="215" column="54" filename="$USER_HOME$/gits/software/src/test/java/persistence/PersistenceTest.java" />
      <jump line="68" column="19" filename="$USER_HOME$/gits/software/src/test/java/persistence/PersistenceTest.java" />
      <jump line="217" column="54" filename="$USER_HOME$/gits/software/src/test/java/persistence/PersistenceTest.java" />
      <jump line="226" column="8" filename="$USER_HOME$/gits/software/src/test/java/persistence/PersistenceTest.java" />
      <jump line="240" column="8" filename="$USER_HOME$/gits/software/src/test/java/persistence/PersistenceTest.java" />
      <jump line="238" column="8" filename="$USER_HOME$/gits/software/src/test/java/persistence/PersistenceTest.java" />
      <jump line="262" column="8" filename="$USER_HOME$/gits/software/src/test/java/persistence/PersistenceTest.java" />
      <jump line="60" column="13" filename="$USER_HOME$/gits/software/src/test/java/persistence/PersistenceTest.java" />
      <jump line="236" column="36" filename="$USER_HOME$/gits/software/src/test/java/persistence/PersistenceTest.java" />
      <jump line="282" column="0" filename="$USER_HOME$/gits/software/src/test/java/persistence/PersistenceTest.java" />
      <jump line="299" column="21" filename="$USER_HOME$/gits/software/src/test/java/persistence/PersistenceTest.java" />
      <jump line="300" column="27" filename="$USER_HOME$/gits/software/src/test/java/persistence/PersistenceTest.java" />
      <jump line="1" column="0" filename="$USER_HOME$/gits/software/src/test/java/persistence/PersistenceTest.java" />
      <jump line="9" column="0" filename="$USER_HOME$/gits/software/src/test/java/persistence/PersistenceTest.java" />
      <jump line="13" column="0" filename="$USER_HOME$/gits/software/src/test/java/persistence/PersistenceTest.java" />
      <jump line="17" column="0" filename="$USER_HOME$/gits/software/src/test/java/persistence/PersistenceTest.java" />
      <jump line="19" column="0" filename="$USER_HOME$/gits/software/src/test/java/persistence/PersistenceTest.java" />
      <jump line="23" column="0" filename="$USER_HOME$/gits/software/src/test/java/persistence/PersistenceTest.java" />
      <jump line="27" column="0" filename="$USER_HOME$/gits/software/src/test/java/persistence/PersistenceTest.java" />
      <jump line="31" column="0" filename="$USER_HOME$/gits/software/src/test/java/persistence/PersistenceTest.java" />
      <jump line="35" column="0" filename="$USER_HOME$/gits/software/src/test/java/persistence/PersistenceTest.java" />
      <jump line="39" column="0" filename="$USER_HOME$/gits/software/src/test/java/persistence/PersistenceTest.java" />
      <jump line="43" column="0" filename="$USER_HOME$/gits/software/src/test/java/persistence/PersistenceTest.java" />
      <jump line="47" column="0" filename="$USER_HOME$/gits/software/src/test/java/persistence/PersistenceTest.java" />
      <jump line="49" column="0" filename="$USER_HOME$/gits/software/src/test/java/persistence/PersistenceTest.java" />
      <jump line="57" column="0" filename="$USER_HOME$/gits/software/src/test/java/persistence/PersistenceTest.java" />
      <jump line="182" column="13" filename="$USER_HOME$/gits/software/src/test/java/persistence/PersistenceTest.java" />
      <jump line="258" column="8" filename="$USER_HOME$/gits/software/src/test/java/persistence/PersistenceTest.java" />
      <jump line="259" column="8" filename="$USER_HOME$/gits/software/src/test/java/persistence/PersistenceTest.java" />
      <jump line="260" column="35" filename="$USER_HOME$/gits/software/src/test/java/persistence/PersistenceTest.java" />
      <jump line="261" column="8" filename="$USER_HOME$/gits/software/src/test/java/persistence/PersistenceTest.java" />
      <jump line="263" column="8" filename="$USER_HOME$/gits/software/src/test/java/persistence/PersistenceTest.java" />
      <jump line="184" column="13" filename="$USER_HOME$/gits/software/src/test/java/persistence/PersistenceTest.java" />
      <jump line="272" column="8" filename="$USER_HOME$/gits/software/src/test/java/persistence/PersistenceTest.java" />
      <jump line="273" column="8" filename="$USER_HOME$/gits/software/src/test/java/persistence/PersistenceTest.java" />
      <jump line="21" column="35" filename="$USER_HOME$/gits/software/src/main/java/persistence/Persistence.java" />
      <jump line="76" column="0" filename="$USER_HOME$/gits/software/src/main/java/persistence/Persistence.java" />
      <jump line="116" column="0" filename="$USER_HOME$/gits/software/src/main/java/persistence/Persistence.java" />
      <jump line="156" column="0" filename="$USER_HOME$/gits/software/src/main/java/persistence/Persistence.java" />
      <jump line="276" column="0" filename="$USER_HOME$/gits/software/src/main/java/persistence/Persistence.java" />
      <jump line="300" column="0" filename="$USER_HOME$/gits/software/src/main/java/persistence/Persistence.java" />
      <jump line="28" column="0" filename="$USER_HOME$/gits/software/src/main/java/persistence/Persistence.java" />
      <jump line="28" column="20" filename="$USER_HOME$/gits/software/src/main/java/graphModel/Model.java" />
      <jump line="29" column="23" filename="$USER_HOME$/gits/software/src/main/java/graphModel/Sphere.java" />
      <jump line="77" column="7" filename="$USER_HOME$/gits/software/src/main/java/graphModel/Sphere.java" />
      <jump line="244" column="42" filename="$USER_HOME$/gits/software/src/main/java/graphModel/Model.java" />
      <jump line="247" column="0" filename="$USER_HOME$/gits/software/src/main/java/graphModel/Model.java" />
      <jump line="285" column="29" filename="$USER_HOME$/gits/software/src/main/java/graphModel/Model.java" />
      <jump line="284" column="0" filename="$USER_HOME$/gits/software/src/main/java/graphModel/Model.java" />
      <jump line="274" column="0" filename="$USER_HOME$/gits/software/src/main/java/graphModel/Model.java" />
      <jump line="259" column="0" filename="$USER_HOME$/gits/software/src/main/java/graphModel/Model.java" />
      <jump line="248" column="0" filename="$USER_HOME$/gits/software/src/main/java/graphModel/Model.java" />
      <jump line="240" column="0" filename="$USER_HOME$/gits/software/src/main/java/graphModel/Model.java" />
    </jumps>
    <registers>
      <register name="&quot;" type="4">
        <text>Target</text>
      </register>
      <register name="c" type="4">
        <keys>
          <key char="99" code="0" mods="0" />
          <key char="105" code="0" mods="0" />
          <key char="119" code="0" mods="0" />
          <key char="123" code="0" mods="0" />
          <key char="64" code="0" mods="0" />
          <key char="108" code="0" mods="0" />
          <key char="105" code="0" mods="0" />
          <key char="110" code="0" mods="0" />
          <key char="107" code="0" mods="0" />
          <key char="32" code="0" mods="0" />
          <key char="65535" code="27" mods="0" />
          <key char="112" code="0" mods="0" />
          <key char="108" code="0" mods="0" />
          <key char="65535" code="27" mods="0" />
        </keys>
      </register>
      <register name="-" type="4">
        <text>Target</text>
      </register>
      <register name="/" type="4">
        <text>TODO</text>
      </register>
      <register name="0" type="2">
        <text encoding="base64">ICAgICAgICAgICAgaWYgKGUuZ2V0VGFyZ2V0KCkgPT0gbnVsbCkgewogICAgICAgICAgICAgICAgU3lzdGVtLmVyci5wcnRpbmxuKCJmb3VuZCBlZGdlIHdpdGggbnVsbCB0YXJnZXQiKTsKICAgICAgICAgICAgfQo=</text>
      </register>
      <register name="1" type="2">
        <text encoding="base64">ICAgICAgICAgICAgfQo=</text>
      </register>
      <register name="2" type="2">
        <text encoding="base64">ICAgICAgICAgICAgfQo=</text>
      </register>
      <register name="r" type="4">
        <text>ndd</text>
      </register>
      <register name="3" type="2">
        <text encoding="base64">ICAgICAgICB9Cg==</text>
      </register>
      <register name="4" type="2">
        <text encoding="base64">Cg==</text>
      </register>
      <register name="t" type="4">
        <keys>
          <key char="47" code="0" mods="0" />
          <key char="64" code="0" mods="0" />
          <key char="84" code="0" mods="0" />
          <key char="101" code="0" mods="0" />
          <key char="115" code="0" mods="0" />
          <key char="116" code="0" mods="0" />
          <key char="65535" code="10" mods="0" />
          <key char="106" code="0" mods="0" />
          <key char="105" code="0" mods="0" />
          <key char="112" code="0" mods="0" />
          <key char="117" code="0" mods="0" />
          <key char="98" code="0" mods="0" />
          <key char="108" code="0" mods="0" />
          <key char="105" code="0" mods="0" />
          <key char="99" code="0" mods="0" />
          <key char="32" code="0" mods="0" />
          <key char="65535" code="27" mods="0" />
        </keys>
      </register>
      <register name="5" type="2">
        <text encoding="base64">ICAgICAgICBpZiAoKQo=</text>
      </register>
      <register name="6" type="2">
        <text encoding="base64">ICAgICAgICAvLyBzZXQgYWxsIG5vZGVzIHRvIHBlcm1pdCBhbGwgZWRnZXMK</text>
      </register>
      <register name="7" type="2">
        <text encoding="base64">Cg==</text>
      </register>
      <register name="8" type="2">
        <text encoding="base64">ICAgICAgICAgICAgaWYgKChhLmdldFN0YXRlKCkgPT0gQW5jaG9ycG9pbnRTdGF0ZS5FTVBUWSkgIT0K</text>
      </register>
      <register name="9" type="2">
        <text encoding="base64">ICAgICAgICAgICAgICAgIFN5c3RlbS5vdXQucHJpbnRsbigiZmF1bHR5IGFuY2hvcnBvaW50IHRoYXQgIikK</text>
      </register>
      <register name=":" type="4">
        <text>w</text>
      </register>
    </registers>
    <search>
      <last-search>TODO</last-search>
      <last-offset />
      <last-pattern>TODO</last-pattern>
      <last-replace>c11</last-replace>
      <last-substitute>return null</last-substitute>
      <last-dir>1</last-dir>
      <show-last>false</show-last>
    </search>
    <history>
      <history-search>
        <entry encoding="base64">XDxsb2dNZXNzYWdlXD4=</entry>
        <entry>sendWrongValue</entry>
        <entry encoding="base64">XDxzZW5kV3JvbmdWYWx1ZVw+</entry>
        <entry>sendMessage</entry>
        <entry>logMessage</entry>
        <entry encoding="base64">XDxjYXRjaFw+</entry>
        <entry>Unknown</entry>
        <entry encoding="base64">XDxVbmtub3duRXhjZXB0aW9uXD4=</entry>
        <entry>Exception e</entry>
        <entry>delete</entry>
        <entry>loadLog</entry>
        <entry>store</entry>
        <entry>setStorageLocation</entry>
        <entry encoding="base64">XDxhMVw+</entry>
        <entry>a1.</entry>
        <entry>Edge</entry>
        <entry encoding="base64">XDxlMVw+</entry>
        <entry encoding="base64">XDxlM1w+</entry>
        <entry encoding="base64">XDxwcmludFN0YWNrVHJhY2VcPg==</entry>
        <entry>TODO</entry>
      </history-search>
      <history-cmd>
        <entry encoding="base64">JzwsJz5zL3JpZ2h0L2JvdHRvbQ==</entry>
        <entry encoding="base64">JzwsJz5zL3MxL3RvcExlZnQ=</entry>
        <entry encoding="base64">JzwsJz5zL3MyL2JvdHRvbVJpZ2h0</entry>
        <entry encoding="base64">JzwsJz5zL3NwaGVyZS9vYmplY3QvZ2M=</entry>
        <entry encoding="base64">JzwsJz5zL3NwaGVyZS9vYmplY3Q=</entry>
        <entry>45</entry>
        <entry encoding="base64">JzwsJz5zL2dldFdpZHRoL2dldEludGVnZXJXaWR0aA==</entry>
        <entry encoding="base64">JzwsJz5zL2dldEhlaWdodC9nZXRJbnRlZ2VySGVpZ2h0</entry>
        <entry>%s/0.0/0/gc</entry>
        <entry>%s/0.0/0</entry>
        <entry>%s/void/public void</entry>
        <entry encoding="base64">JzwsJz5lMi9lMw==</entry>
        <entry encoding="base64">JzwsJz5zL2UyL2Uz</entry>
        <entry encoding="base64">JzwsJz5zL2IxMS9jMTE=</entry>
        <entry>:w</entry>
        <entry>qw</entry>
        <entry>wq</entry>
        <entry encoding="base64">JzwsJz53</entry>
        <entry>w</entry>
        <entry>W</entry>
      </history-cmd>
      <history-expr />
      <history-input />
    </history>
    <shortcut-conflicts>
      <shortcut-conflict owner="vim">
        <text>ctrl pressed 2</text>
      </shortcut-conflict>
      <shortcut-conflict owner="vim">
        <text>ctrl pressed C</text>
      </shortcut-conflict>
      <shortcut-conflict owner="vim">
        <text>ctrl pressed V</text>
      </shortcut-conflict>
      <shortcut-conflict owner="vim">
        <text>ctrl pressed F</text>
      </shortcut-conflict>
      <shortcut-conflict owner="vim">
        <text>ctrl pressed E</text>
      </shortcut-conflict>
      <shortcut-conflict owner="vim">
        <text>ctrl pressed W</text>
      </shortcut-conflict>
      <shortcut-conflict owner="vim">
        <text>ctrl pressed A</text>
      </shortcut-conflict>
      <shortcut-conflict owner="vim">
        <text>ctrl pressed U</text>
      </shortcut-conflict>
      <shortcut-conflict owner="vim">
        <text>ctrl pressed R</text>
      </shortcut-conflict>
      <shortcut-conflict owner="vim">
        <text>ctrl pressed B</text>
      </shortcut-conflict>
      <shortcut-conflict owner="vim">
        <text>ctrl pressed P</text>
      </shortcut-conflict>
      <shortcut-conflict owner="vim">
        <text>ctrl pressed T</text>
      </shortcut-conflict>
      <shortcut-conflict owner="vim">
        <text>ctrl pressed X</text>
      </shortcut-conflict>
      <shortcut-conflict owner="vim">
        <text>ctrl pressed S</text>
      </shortcut-conflict>
      <shortcut-conflict owner="vim">
        <text>ctrl pressed D</text>
      </shortcut-conflict>
      <shortcut-conflict owner="vim">
        <text>ctrl pressed N</text>
      </shortcut-conflict>
      <shortcut-conflict owner="vim">
        <text>ctrl pressed M</text>
      </shortcut-conflict>
      <shortcut-conflict owner="vim">
        <text>ctrl pressed O</text>
      </shortcut-conflict>
      <shortcut-conflict owner="ide">
        <text>ctrl pressed Q</text>
      </shortcut-conflict>
    </shortcut-conflicts>
  </component>
</application>